xcoord,ycoord
-74.0685635,4.594105
-74.0684324,4.5955723
-74.0684324,4.5955723
-74.0690233,4.5956123
-74.0690233,4.5956123
-74.0690233,4.5956123
-74.0690233,4.5956123
-74.0689808,4.5956338
-74.0689808,4.5956338
-74.0686517,4.5963679
-74.0691602,4.5965796
-74.0691602,4.5965796
-74.0681417,4.596916
-74.0681417,4.596916
-74.0689266,4.5969845
-74.0689266,4.5969845
-74.0685253,4.5978591
-74.0685253,4.5978591
-74.0684294,4.5978788
-74.0684294,4.5978788
-74.0690644,4.5979979
-74.0690644,4.5979979
-74.0680909,4.5985112
-74.0680508,4.59853
-74.0681805,4.5985312
-74.0684089,4.5986839
-74.0685729,4.5987926
-74.0686776,4.5988606
-74.0680451,4.5991799
-74.0680451,4.5991799
-74.0674011,4.5993404
-74.0674011,4.5993404
-74.0674011,4.5993404
-74.0674011,4.5993404
-74.068421,4.5993945
-74.0677253,4.5995742
-74.0680734,4.599849
-74.0680734,4.599849
-74.0680734,4.599849
-74.0680734,4.599849
-74.0680734,4.599849
-74.0680734,4.599849
-74.0679007,4.600111
-74.0690433,4.6003896
-74.0690433,4.6003896
-74.067722,4.6004229
-74.0658968,4.6004474
-74.0676978,4.6004771
-74.0676978,4.6004771
-74.0688419,4.6007917
-74.0688419,4.6007917
-74.0688419,4.6007917
-74.0686501,4.6008947
-74.0666489,4.6009067
-74.0666489,4.6009067
-74.0666489,4.6009067
-74.0666489,4.6009067
-74.0682936,4.6011366
-74.0682618,4.6011602
-74.0681842,4.6012178
-74.0674571,4.601519
-74.0674571,4.601519
-74.0674571,4.601519
-74.0677221,4.6016321
-74.0677221,4.6016321
-74.0672508,4.6024328
-74.0672508,4.6024328
-74.0672363,4.6024555
-74.067287,4.6024617
-74.0654106,4.6027468
-74.0654106,4.6027468
-74.066924,4.602775
-74.066924,4.602775
-74.0660035,4.6028666
-74.0660035,4.6028666
-74.0660035,4.6028666
-74.0660695,4.6028871
-74.0660695,4.6028871
-74.0651928,4.6032911
-74.0651825,4.6033019
-74.0777499,4.5918763
-74.0780931,4.5920758
-74.0786574,4.5924254
-74.0786574,4.5924254
-74.0761424,4.598812
-74.0761424,4.598812
-74.076811,4.6016401
-74.076852,4.6016674
-74.0755105,4.6019819
-74.0755342,4.6019966
-74.0755342,4.6019966
-74.0766143,4.6020384
-74.0766143,4.6020384
-74.0765219,4.6020469
-74.0757201,4.6021122
-74.0755412,4.6019852
-74.0755105,4.6019819
-74.0767114,4.5978552
-74.075845,4.5973505
-74.0761424,4.598812
-74.0754086,4.598344
-74.0761424,4.598812
-74.0688419,4.6007917
-74.0688419,4.6007917
-74.0688419,4.6007917
-74.0688419,4.6007917
-74.0688419,4.6007917
-74.0688419,4.6007917
-74.0688345,4.6008591
-74.0688345,4.6008591
-74.0686501,4.6008947
-74.0682936,4.6011366
-74.0682954,4.6011969
-74.0682954,4.6011969
-74.0682618,4.6011602
-74.0681842,4.6012178
-74.0680899,4.601161
-74.0712142,4.5992598
-74.0710937,4.599182
-74.0710627,4.6004379
-74.0708188,4.5990041
-74.0704244,4.6001988
-74.0703087,4.6005992
-74.0711305,4.5993894
-74.0712142,4.5992598
-74.0704933,4.5995172
-74.0707699,4.5996908
-74.0704933,4.5995172
-74.0708188,4.5990041
-74.0703087,4.6005992
-74.0701605,4.6007099
-74.0711305,4.5993894
-74.0706616,4.5998594
-74.0706382,4.5998424
-74.0706382,4.5998424
-74.0705715,4.5997939
-74.0705715,4.5997939
-74.0658968,4.6004474
-74.0654546,4.6005506
-74.0654546,4.6005506
-74.0658929,4.6008905
-74.0658929,4.6008905
-74.0666489,4.6009067
-74.0666489,4.6009067
-74.0655684,4.6009718
-74.0657448,4.6010097
-74.0658547,4.6010217
-74.0664776,4.6013508
-74.0664423,4.601419
-74.0664423,4.601419
-74.0664423,4.601419
-74.0664423,4.601419
-74.0664423,4.601419
-74.0664423,4.601419
-74.0664423,4.601419
-74.0664423,4.601419
-74.0664423,4.601419
-74.0664423,4.601419
-74.0664423,4.601419
-74.0664423,4.601419
-74.0657152,4.6018133
-74.0654763,4.6018769
-74.0654763,4.6018769
-74.0654763,4.6018769
-74.0654763,4.6018769
-74.0655011,4.6021193
-74.0655011,4.6021193
-74.0654763,4.6018769
-74.0660833,4.601051
-74.0664776,4.6013508
-74.0655684,4.6009718
-74.0726236,4.6009017
-74.0725358,4.6008453
-74.0725358,4.6008453
-74.0724875,4.6000841
-74.0724875,4.6000841
-74.0724875,4.6000841
-74.0724875,4.6000841
-74.0721365,4.5998575
-74.0720251,4.6007207
-74.0720109,4.6007432
-74.0720109,4.6007432
-74.0720109,4.6007432
-74.0720109,4.6007432
-74.0720109,4.6007432
-74.0720109,4.6007432
-74.0719907,4.5997634
-74.0719907,4.5997634
-74.0719907,4.5997634
-74.0719907,4.5997634
-74.0719907,4.5997634
-74.0719907,4.5997634
-74.071562,4.5994853
-74.071133,4.6003961
-74.072512,4.6008906
-74.0725358,4.6008453
-74.0725358,4.6008453
-74.0726236,4.6009017
-74.0725358,4.6008453
-74.0725358,4.6008453
-74.0720251,4.6007207
-74.072512,4.6008906
-74.0719907,4.5997634
-74.0719907,4.5997634
-74.0719907,4.5997634
-74.0720448,4.6000026
-74.0721365,4.5998575
-74.0720448,4.6000026
-74.071133,4.6003961
-74.0716006,4.5995104
-74.0697471,4.5972788
-74.0697471,4.5972788
-74.068421,4.5993945
-74.069504,4.60064
-74.0676978,4.6004771
-74.0676978,4.6004771
-74.0676978,4.6004771
-74.0676978,4.6004771
-74.0673012,4.5971409
-74.0694197,4.5997849
-74.0674364,4.6001907
-74.0674065,4.6000052
-74.0677083,4.5982717
-74.0680909,4.5985112
-74.0678993,4.5980983
-74.0677083,4.5982717
-74.0680451,4.5991799
-74.0680451,4.5991799
-74.0680451,4.5991799
-74.0680451,4.5991799
-74.0685729,4.5987926
-74.0686776,4.5988606
-74.0692891,4.5992421
-74.0692891,4.5992421
-74.0692891,4.5992421
-74.0692891,4.5992421
-74.0692891,4.5992421
-74.0692891,4.5992421
-74.0694197,4.5997849
-74.067471,4.5998929
-74.067471,4.5998929
-74.0690433,4.6003896
-74.0690433,4.6003896
-74.067722,4.6004229
-74.0684089,4.5986839
-74.0690433,4.6003896
-74.0690433,4.6003896
-74.0691881,4.5995913
-74.0691881,4.5995913
-74.0691881,4.5995913
-74.0691881,4.5995913
-74.0691881,4.5995913
-74.0691881,4.5995913
-74.0674065,4.6000052
-74.0674364,4.6001907
-74.0661374,4.602413
-74.0661374,4.602413
-74.0655616,4.6027499
-74.0655616,4.6027499
-74.0657399,4.6027982
-74.0657399,4.6027982
-74.0657399,4.6027982
-74.0657399,4.6027982
-74.0658209,4.6028204
-74.065945,4.6028522
-74.0660035,4.6028666
-74.0660035,4.6028666
-74.0660035,4.6028666
-74.0660035,4.6028666
-74.0660035,4.6028666
-74.0660035,4.6028666
-74.0660035,4.6028666
-74.0660035,4.6028666
-74.0660035,4.6028666
-74.0660695,4.6028871
-74.0660695,4.6028871
-74.0655616,4.6027499
-74.0655616,4.6027499
-74.065945,4.6028522
-74.0658209,4.6028204
-74.0657399,4.6027982
-74.0657399,4.6027982
-74.0655616,4.6027499
-74.0655616,4.6027499
-74.0660695,4.6028871
-74.0660695,4.6028871
-74.0661336,4.6012495
-74.0661336,4.6012495
-74.0660833,4.601051
-74.0660467,4.6010463
-74.0660467,4.6010463
-74.0658547,4.6010217
-74.0657448,4.6010097
-74.0654763,4.6018769
-74.0653425,4.6008739
-74.0653165,4.6010693
-74.0652459,4.6010309
-74.0652459,4.6010309
-74.0650638,4.6014209
-74.0650638,4.6014209
-74.0648969,4.6009739
-74.0648969,4.6009739
-74.0648969,4.6009739
-74.0648969,4.6009739
-74.0648969,4.6009739
-74.0648969,4.6009739
-74.0648787,4.6009719
-74.0648621,4.6017105
-74.0648621,4.6017105
-74.0648621,4.6017105
-74.0648621,4.6017105
-74.0648621,4.6017105
-74.0648621,4.6017105
-74.0650638,4.6014209
-74.0650638,4.6014209
-74.0648787,4.6009719
-74.0650638,4.6014209
-74.0650638,4.6014209
-74.0653165,4.6010693
-74.0657152,4.6018133
-74.0734191,4.5994179
-74.0734191,4.5994179
-74.0745434,4.5995482
-74.0745791,4.5995704
-74.0724875,4.6000841
-74.0724875,4.6000841
-74.0728075,4.6002917
-74.0728552,4.6003309
-74.0728552,4.6003309
-74.0728552,4.6003309
-74.0728552,4.6003309
-74.0728552,4.6003309
-74.0728552,4.6003309
-74.0728552,4.6003309
-74.0728552,4.6003309
-74.0728552,4.6003309
-74.0732567,4.6005805
-74.0728552,4.6003309
-74.0728075,4.6002917
-74.0728552,4.6003309
-74.0728552,4.6003309
-74.073912,4.6016715
-74.0734191,4.6014197
-74.0742105,4.6011793
-74.0742105,4.6011793
-74.0729357,4.6010897
-74.0726092,4.6009313
-74.0742726,4.6019074
-74.0733885,4.6014003
-74.0733885,4.6014003
-74.0726092,4.6009313
-74.0716608,4.5982573
-74.0722266,4.5986293
-74.0703647,4.5987089
-74.0704704,4.5987764
-74.0725393,4.598835
-74.0705938,4.5988599
-74.0704704,4.5987764
-74.0725393,4.598835
-74.0696522,4.5994952
-74.0696522,4.5994952
-74.0701958,4.598601
-74.0701958,4.598601
-74.0701958,4.598601
-74.0721253,4.5985628
-74.0721081,4.5985888
-74.0720709,4.5986447
-74.0721081,4.5985888
-74.0720709,4.5986447
-74.0722266,4.5986293
-74.0713938,4.5986927
-74.0705938,4.5988599
-74.0638824,4.6002794
-74.0638824,4.6002794
-74.0635006,4.6009603
-74.0635006,4.6009603
-74.0634264,4.6009787
-74.0633889,4.6010837
-74.0622306,4.6013364
-74.0617154,4.6013467
-74.0617086624859,4.60141614309069
-74.0617086624859,4.60141614309069
-74.0617692,4.6014309
-74.061996,4.6014348
-74.0617053,4.6014508
-74.0617053,4.6014508
-74.0639393,4.6014657
-74.063469,4.6015282
-74.063469,4.6015282
-74.0617537,4.6015672
-74.0639393,4.6014657
-74.0637869,4.6008807
-74.0634264,4.6009787
-74.0633889,4.6010837
-74.061996,4.6014348
-74.0617537,4.6015672
-74.0622306,4.6013364
-74.0617692,4.6014309
-74.0617154,4.6013467
-74.0745808,4.6014143
-74.0745808,4.6014143
-74.0745808,4.6014143
-74.0745808,4.6014143
-74.0745808,4.6014143
-74.0745808,4.6014143
-74.0742726,4.6019074
-74.073912,4.6016715
-74.0734497,4.6013811
-74.0734178,4.601363
-74.0734178,4.601363
-74.074391,4.6019845
-74.074391,4.6019845
-74.0741191,4.5962769
-74.0741191,4.5962769
-74.0727058,4.5966024
-74.0749804,4.5968062
-74.0749804,4.5968062
-74.0749804,4.5968062
-74.0735726,4.5971495
-74.0741387,4.5975168
-74.0744488,4.5977119
-74.0744488,4.5977119
-74.0744488,4.5977119
-74.0744488,4.5977119
-74.0744488,4.5977119
-74.0744488,4.5977119
-74.0744488,4.5977119
-74.0744488,4.5977119
-74.0744488,4.5977119
-74.0730351,4.5980237
-74.0753947,4.5983012
-74.0753678,4.598318
-74.0738994,4.5986232
-74.0738994,4.5986232
-74.0741191,4.5962769
-74.0735726,4.5971495
-74.0730351,4.5980237
-74.0741191,4.5962769
-74.0749804,4.5968062
-74.0749804,4.5968062
-74.0749804,4.5968062
-74.0753678,4.598318
-74.0741387,4.5975168
-74.0749804,4.5968062
-74.0749804,4.5968062
-74.0749804,4.5968062
-74.071872,4.5973036
-74.0653471,4.6032641
-74.0652976,4.6032768
-74.0651928,4.6032911
-74.0649873,4.6033938
-74.0649873,4.6033938
-74.0649873,4.6033938
-74.0649873,4.6033938
-74.0652976,4.6032768
-74.0653471,4.6032641
-74.0651825,4.6033019
-74.0649873,4.6033938
-74.0649873,4.6033938
-74.0637968,4.6024763
-74.0637968,4.6024763
-74.0637968,4.6024763
-74.0637968,4.6024763
-74.0637968,4.6024763
-74.0635803,4.6025415
-74.0635228,4.6027403
-74.0634475,4.6021648
-74.0634475,4.6021648
-74.0634475,4.6021648
-74.0634475,4.6021648
-74.0634475,4.6021648
-74.0634475,4.6021648
-74.0634075,4.6023332
-74.0633556,4.6025249
-74.0633556,4.6025249
-74.063355,4.6029303
-74.0633477,4.603199
-74.0633512,4.6025934
-74.0633512,4.6025934
-74.0637968,4.6024763
-74.0634075,4.6023332
-74.063355,4.6029303
-74.0635228,4.6027403
-74.0635803,4.6025415
-74.0634475,4.6021648
-74.0634475,4.6021648
-74.0633843,4.60191
-74.0634475,4.6021648
-74.0633843,4.60191
-74.066924,4.602775
-74.066924,4.602775
-74.066924,4.602775
-74.066924,4.602775
-74.0667922,4.6029042
-74.0667922,4.6029042
-74.0667691,4.6028718
-74.0667691,4.6028718
-74.0659407,4.60303
-74.065925,4.6031153
-74.065925,4.6031153
-74.065863,4.6031313
-74.065863,4.6031313
-74.065863,4.6031313
-74.065863,4.6031313
-74.065863,4.6031313
-74.065863,4.6031313
-74.065863,4.6031313
-74.065863,4.6031313
-74.065863,4.6031313
-74.0657452,4.6031334
-74.0657452,4.6031334
-74.0657968,4.6031508
-74.0657968,4.6031508
-74.0656951,4.6031745
-74.0655755,4.6032103
-74.0655755,4.6032103
-74.0655424,4.6032145
-74.0655272,4.6032177
-74.0655272,4.6032177
-74.0656988,4.6030686
-74.065863,4.6031313
-74.065863,4.6031313
-74.065863,4.6031313
-74.0659407,4.60303
-74.0656951,4.6031745
-74.0656988,4.6030686
-74.0655272,4.6032177
-74.0655272,4.6032177
-74.0655272,4.6032177
-74.0655272,4.6032177
-74.0655424,4.6032145
-74.0647727,4.6019072
-74.0647727,4.6019072
-74.0647617,4.6019313
-74.0647617,4.6019313
-74.064755,4.6012646
-74.064755,4.6012646
-74.064744,4.6009572
-74.064744,4.6009572
-74.064744,4.6009572
-74.064744,4.6009572
-74.064744,4.6009572
-74.064744,4.6009572
-74.064666,4.6016146
-74.064666,4.6016146
-74.0643532,4.6009827
-74.0643532,4.6009827
-74.0642962,4.6018256
-74.0642962,4.6018256
-74.0641518,4.6007825
-74.0641263,4.6019621
-74.0641263,4.6019621
-74.0640975,4.6015104
-74.0640975,4.6015104
-74.0640340901418,4.600814177468
-74.0641518,4.6007825
-74.0662127,4.603043
-74.0662127,4.603043
-74.0659051,4.6029678
-74.0659051,4.6029678
-74.0654751,4.6027323
-74.0654751,4.6027323
-74.065438,4.6028704
-74.065438,4.6028704
-74.0654106,4.6027468
-74.0654106,4.6027468
-74.0654106,4.6027468
-74.0654106,4.6027468
-74.062139,4.6031616
-74.062139,4.6031616
-74.062139,4.6031616
-74.062139,4.6031616
-74.061465,4.602853
-74.0613601,4.602805
-74.0613601,4.602805
-74.0613601,4.602805
-74.0613601,4.602805
-74.0615797,4.6021255
-74.062509,4.6023184
-74.0615797,4.6021255
-74.061465,4.602853
-74.062097,4.6026202
-74.062097,4.6026202
-74.0613601,4.602805
-74.0613601,4.602805
-74.0677694,4.6016551
-74.0677694,4.6016551
-74.0677221,4.6016321
-74.0677221,4.6016321
-74.0677221,4.6016321
-74.0677221,4.6016321
-74.0676185,4.6008837
-74.0674571,4.601519
-74.0674571,4.601519
-74.0674571,4.601519
-74.0674571,4.601519
-74.0674571,4.601519
-74.067287,4.6024617
-74.0672672,4.6024824
-74.0672672,4.6024824
-74.0672363,4.6024555
-74.076547,4.6020436
-74.076547,4.6020436
-74.0765219,4.6020469
-74.0757201,4.6021122
-74.0755412,4.6019852
-74.0754466,4.6021958
-74.0754466,4.6021958
-74.0782716,4.5993602
-74.0782716,4.5993602
-74.0782777,4.5993641
-74.0778898,4.5991136
-74.0779322,4.5999832
-74.0771247,4.6006294
-74.0771552,4.6006813
-74.0771552,4.6006813
-74.0773474914728,4.60079991436789
-74.077391164699,4.60082685405503
-74.0775247751439,4.6009092712222
-74.0783199,4.5993914
-74.0770447,4.5993994
-74.0770447,4.5993994
-74.0778842,4.5999516
-74.0774279362269,4.60084953645211
-74.0774870863902,4.6008860230374
-74.0760532,4.6011371
-74.0760532,4.6011371
-74.0759658,4.6003597
-74.0758507,4.6005716
-74.0756747,4.6008955
-74.0756747,4.6008955
-74.0756221,4.5996965
-74.0756221,4.5996965
-74.075423,4.6000352
-74.075397,4.6000794
-74.075397,4.6000794
-74.075124,4.6005436
-74.075124,4.6005436
-74.074817,4.5991909
-74.0747881,4.599173
-74.0747881,4.599173
-74.0745434,4.5995482
-74.0743099,4.6000151
-74.0742703,4.5999919
-74.0742703,4.5999919
-74.073771,4.6009003
-74.0737391,4.6008805
-74.0737391,4.6008805
-74.0737217,4.5996209
-74.0734191,4.5994179
-74.0734191,4.5994179
-74.0734191,4.5994179
-74.0734191,4.5994179
-74.0732567,4.6005805
-74.0729357,4.6010897
-74.0737217,4.5996209
-74.0765565,4.6002565
-74.0765565,4.6002565
-74.0765565,4.6002565
-74.0765565,4.6002565
-74.0765565,4.6002565
-74.0765565,4.6002565
-74.0771247,4.6006294
-74.0773601,4.6007792
-74.0774039,4.600807
-74.077391164699,4.60082685405503
-74.0780131,4.5998597
-74.0779322,4.5999832
-74.0780131,4.5998597
-74.0774039,4.600807
-74.0774279362269,4.60084953645211
-74.0780616,4.5998949
-74.0781361,4.5999489
-74.0775247751439,4.6009092712222
-74.0780131,4.5998597
-74.0781079,4.5999285
-74.0780131,4.5998597
-74.0780616,4.5998949
-74.0781361,4.5999489
-74.0781079,4.5999285
-74.0779072,4.600239
-74.0767546,4.6019085
-74.076852,4.6016674
-74.0767105,4.6018879
-74.0768456,4.601951
-74.0768456,4.601951
-74.0768456,4.601951
-74.0768456,4.601951
-74.0767105,4.6018879
-74.076658,4.6018634
-74.0767929,4.6019264
-74.0767546,4.6019085
-74.0768456,4.601951
-74.0768456,4.601951
-74.0767929,4.6019264
-74.0769497,4.6016917
-74.0766872,4.5978945
-74.0766872,4.5978945
-74.0766872,4.5978945
-74.0766872,4.5978945
-74.0812603503109,4.59429795444627
-74.0811007,4.5942992
-74.0811007,4.5942992
-74.0810951369137,4.59432407707823
-74.0810951369137,4.59432407707823
-74.081354,4.5943775
-74.081082,4.594383
-74.0812756737386,4.59439561431998
-74.0810731,4.5944254
-74.0813456516882,4.59450916526773
-74.0809241,4.5949553
-74.0809241,4.5949553
-74.0801489,4.5920117
-74.0801489,4.5920117
-74.0777444,4.596133
-74.0777444,4.596133
-74.0786919,4.596689
-74.0786919,4.596689
-74.0786919,4.596689
-74.0786919,4.596689
-74.0786919,4.596689
-74.0786919,4.596689
-74.0786919,4.596689
-74.0786919,4.596689
-74.0786919,4.596689
-74.0794605,4.5962989
-74.0805289,4.5947954
-74.0805289,4.5947954
-74.0784515,4.5949278
-74.0784515,4.5949278
-74.079466,4.5954448
-74.0779721,4.5947853
-74.0784515,4.5949278
-74.0784515,4.5949278
-74.0784515,4.5949278
-74.0784515,4.5949278
-74.0795082,4.5953723
-74.0781707,4.5954065
-74.0781707,4.5954065
-74.079466,4.5954448
-74.0793543,4.5956364
-74.0795082,4.5953723
-74.0793543,4.5956364
-74.0797905,4.59489
-74.0800912,4.5956224
-74.0795082,4.5953723
-74.0795082,4.5953723
-74.0784908,4.5948609
-74.0797905,4.59489
-74.0779721,4.5947853
-74.0789071,4.5951415
-74.0795082,4.5953723
-74.0795082,4.5953723
-74.0789474,4.5950694
-74.0784908,4.5948609
-74.0775777,4.598472
-74.0775777,4.598472
-74.0775777,4.598472
-74.0775777,4.598472
-74.0775777,4.598472
-74.0775777,4.598472
-74.0775777,4.598472
-74.0775777,4.598472
-74.0775777,4.598472
-74.0775777,4.598472
-74.0775777,4.598472
-74.0775777,4.598472
-74.0772133,4.5970384
-74.0772133,4.5970384
-74.0772133,4.5970384
-74.0772133,4.5970384
-74.0772133,4.5970384
-74.0772133,4.5970384
-74.0770447,4.5993994
-74.0770447,4.5993994
-74.0770447,4.5993994
-74.0770447,4.5993994
-74.0796617,4.5972628
-74.0796617,4.5972628
-74.0796342,4.5972466
-74.0790729,4.598203
-74.0790729,4.598203
-74.0790401,4.5981821
-74.0785204,4.5990854
-74.0785204,4.5990854
-74.0785204,4.5990854
-74.0785204,4.5990854
-74.078519,4.5978521
-74.078477,4.5990572
-74.0783199,4.5993914
-74.0781411,4.5976171
-74.0781411,4.5976171
-74.0781411,4.5976171
-74.0781411,4.5976171
-74.0781411,4.5976171
-74.0781411,4.5976171
-74.0781411,4.5976171
-74.0781411,4.5976171
-74.0781411,4.5976171
-74.0780674,4.5987909
-74.0780674,4.5987909
-74.0780674,4.5987909
-74.0780674,4.5987909
-74.0785619,4.5991077
-74.0780674,4.5987909
-74.0780674,4.5987909
-74.0778898,4.5991136
-74.0785788,4.5992441
-74.0785204,4.5990854
-74.0785204,4.5990854
-74.0785619,4.5991077
-74.0785788,4.5992441
-74.0783856,4.597206
-74.078519,4.5978521
-74.0806483,4.5943973
-74.0805255,4.5935708
-74.080511,4.5935194
-74.080511,4.5935194
-74.080511,4.5935194
-74.080511,4.5935194
-74.080511,4.5935194
-74.080511,4.5935194
-74.0804906,4.5937299
-74.0804906,4.5937299
-74.0803018,4.5940377
-74.080049,4.5944498
-74.0795746,4.5930044
-74.0795746,4.5930044
-74.0795746,4.5930044
-74.0795746,4.5930044
-74.0795746,4.5930044
-74.0795746,4.5930044
-74.0795746,4.5930044
-74.0795746,4.5930044
-74.0795746,4.5930044
-74.0806277,4.5942436
-74.0803018,4.5940377
-74.0806652,4.5942681
-74.0805255,4.5935708
-74.0808511,4.5937645
-74.0795746,4.5930044
-74.0795746,4.5930044
-74.0795746,4.5930044
-74.0806277,4.5942436
-74.0806483,4.5943973
-74.0806652,4.5942681
-74.0808511,4.5937645
-74.0791315,4.5927247
-74.0790683,4.5938724
-74.0790683,4.5938724
-74.0788789,4.594184
-74.0788789,4.594184
-74.0786638,4.5933296
-74.0786638,4.5933296
-74.0786574,4.5924254
-74.0786574,4.5924254
-74.0786574,4.5924254
-74.0786574,4.5924254
-74.0784129,4.5935008
-74.0784021,4.592855
-74.0784021,4.592855
-74.0782554,4.5931057
-74.0782554,4.5931057
-74.078121,4.5933353
-74.078121,4.5933353
-74.0779695,4.5936004
-74.0775179,4.5944604
-74.0774877,4.5944435
-74.0774877,4.5944435
-74.077481,4.5945289
-74.077481,4.5945289
-74.0774481,4.5945128
-74.0774481,4.5945128
-74.0774481,4.5945128
-74.0774481,4.5945128
-74.0774481,4.5945128
-74.0774481,4.5945128
-74.0772865,4.5926649
-74.0784129,4.5935008
-74.077789,4.5946073
-74.0772865,4.5926649
-74.0791315,4.5927247
-74.0774877,4.5944435
-74.0774877,4.5944435
-74.077789,4.5946073
-74.0774877,4.5944435
-74.0775179,4.5944604
-74.0774877,4.5944435
-74.079176,4.59144
-74.079176,4.59144
-74.0790579,4.5916731
-74.0790579,4.5916731
-74.0780931,4.5920758
-74.0811391,4.5946215
-74.0811454,4.5946381
-74.0811454,4.5946381
-74.0812401373609,4.5946488379868
-74.0809544,4.5946686
-74.0812156,4.5946719
-74.0811793,4.5946814
-74.0811622742498,4.59468256970803
-74.0811622742498,4.59468256970803
-74.0810332787458,4.59468325837048
-74.0811644381594,4.59468827238705
-74.0811816,4.5947335
-74.0811816,4.5947335
-74.0811974958712,4.59477532487794
-74.0810322,4.5949507
-74.0809782822389,4.59495299437281
-74.0809791,4.5950039
-74.0809791,4.5950039
-74.0810710303786,4.59494906718513
-74.0810322,4.5949507
-74.0809791,4.5950039
-74.0809791,4.5950039
-74.0809779,4.5949292
-74.0809782822389,4.59495299437281
-74.0809779,4.5949292
-74.0809562027342,4.59487531033982
-74.0809779,4.5949292
-74.0809779,4.5949292
-74.0809618683214,4.59506719589027
-74.080992680106,4.59505685387261
-74.0809885228026,4.59488281376197
-74.080992680106,4.59505685387261
-74.0809885228026,4.59488281376197
-74.0809791,4.5950039
-74.0809791,4.5950039
-74.0809779,4.5949292
-74.0809779,4.5949292
-74.0809562027342,4.59487531033982
-74.0809618683214,4.59506719589027
-74.0809544,4.5946686
-74.080700449562,4.59485143826776
-74.0806691,4.5958351
-74.0806691,4.5958351
-74.0805955,4.5958063
-74.0805955,4.5958063
-74.0789474,4.5950694
-74.0789071,4.5951415
-74.0779695,4.5936004
-74.0805289,4.5947954
-74.0800912,4.5956224
-74.0805289,4.5947954
-74.0805289,4.5947954
-74.080049,4.5944498
-74.0805289,4.5947954
-74.0806427,4.594801
-74.0806427,4.594801
-74.0806131,4.5947995
-74.0806131,4.5947995
-74.0806427,4.594801
-74.0806427,4.594801
-74.0806427,4.594801
-74.0806427,4.594801
-74.0806131,4.5947995
-74.0806131,4.5947995
-74.0806131,4.5947995
-74.0806131,4.5947995
-74.080700449562,4.59485143826776
-74.0811793,4.5946814
-74.0811644381594,4.59468827238705
-74.0811342799415,4.59481448340884
-74.0811342799415,4.59481448340884
-74.0810777437518,4.59474102919268
-74.0810841788146,4.59502614220596
-74.0810782013223,4.59490363351345
-74.0810777437518,4.59474102919268
-74.0810841788146,4.59502614220596
-74.0810782013223,4.59490363351345
-74.081082,4.594383
-74.0810765,4.5950069
-74.0810765,4.5950069
-74.0810710303786,4.59494906718513
-74.0810660449384,4.59503222886631
-74.0810660449384,4.59503222886631
-74.0810748,4.5937889
-74.0810748,4.5937889
-74.0810332787458,4.59468325837048
-74.081034,4.5946119
-74.081034,4.5946119
-74.0810256366237,4.59512509450954
-74.0810256366237,4.59512509450954
-74.0810310421897,4.59462864232225
-74.0810310421897,4.59462864232225
-74.0810731,4.5944254
-74.0811391,4.5946215
-74.0777499,4.5918763
-74.0776,4.5921424
-74.0776,4.5921424
-74.0734386,4.5897125
-74.0734386,4.5897125
-74.0734386,4.5897125
-74.0734386,4.5897125
-74.0734386,4.5897125
-74.0734386,4.5897125
-74.0731331,4.5892428
-74.0731331,4.5892428
-74.0730243,4.5892283
-74.0730243,4.5892283
-74.0687072,4.5905512
-74.0687072,4.5905512
-74.0685297,4.590261
-74.0685297,4.590261
-74.0685218,4.5899917
-74.0685218,4.5899917
-74.072637,4.5891345
-74.072637,4.5891345
-74.0724358,4.5896032
-74.0724358,4.5896032
-74.0721003,4.5897687
-74.072083,4.5896644
-74.0720889,4.5894703
-74.072083,4.5896644
-74.0720889,4.5894703
-74.072053,4.5898956
-74.072053,4.5898956
-74.0721003,4.5897687
-74.0760829,4.5907788
-74.0760829,4.5907788
-74.0768258,4.5911794
-74.0758304,4.5912217
-74.0758304,4.5912217
-74.0758304,4.5912217
-74.0758304,4.5912217
-74.0762479,4.5945049
-74.0762479,4.5945049
-74.0762479,4.5945049
-74.0762479,4.5945049
-74.0762479,4.5945049
-74.0762479,4.5945049
-74.0759715,4.595019
-74.0759715,4.595019
-74.0759715,4.595019
-74.0759715,4.595019
-74.0763154,4.5952133
-74.0768997,4.5955435
-74.0768997,4.5955435
-74.076351,4.5964785
-74.075845,4.5973505
-74.0767114,4.5978552
-74.0770253,4.5930851
-74.076351,4.5964785
-74.0758731,4.593027
-74.0768258,4.5911794
-74.0765981,4.5916228
-74.0762479,4.5945049
-74.0759715,4.595019
-74.0762479,4.5945049
-74.0762479,4.5945049
-74.0759715,4.595019
-74.0760955,4.5954067
-74.0762009,4.5954678
-74.0760955,4.5954067
-74.0763154,4.5952133
-74.0762009,4.5954678
-74.0770253,4.5930851
-74.0763046,4.5943953
-74.0762479,4.5945049
-74.0762479,4.5945049
-74.0767725,4.5935355
-74.0762479,4.5945049
-74.0758731,4.593027
-74.0767725,4.5935355
-74.0758304,4.5912217
-74.0765981,4.5916228
-74.0758304,4.5912217
-74.0763046,4.5943953
-74.0729232,4.5943141
-74.0729232,4.5943141
-74.0729232,4.5943141
-74.0729232,4.5943141
-74.0729232,4.5943141
-74.0729232,4.5943141
-74.0729232,4.5943141
-74.0729232,4.5943141
-74.0729232,4.5943141
-74.0729232,4.5943141
-74.0729232,4.5943141
-74.0729232,4.5943141
-74.0728477,4.5931028
-74.0726903,4.5932075
-74.0726903,4.5932075
-74.0726903,4.5932075
-74.0726245,4.5930211
-74.0724644,4.5929429
-74.071987,4.5936916
-74.071987,4.5936916
-74.071987,4.5936916
-74.071987,4.5936916
-74.071987,4.5936916
-74.071987,4.5936916
-74.0736732,4.5927684
-74.0736732,4.5927684
-74.0736332,4.5918415
-74.0735882,4.5933703
-74.0735882,4.5933703
-74.0734383,4.5933626
-74.0734383,4.5933626
-74.0734166,4.5917328
-74.0733867,4.5933246
-74.0733867,4.5933246
-74.0731143,4.5915811
-74.073035,4.592325
-74.073035,4.592325
-74.0728477,4.5931028
-74.0727334,4.5921246
-74.0726903,4.5932075
-74.0726903,4.5932075
-74.0726903,4.5932075
-74.0726903,4.5932075
-74.0726903,4.5932075
-74.0726903,4.5932075
-74.0726903,4.5932075
-74.0726903,4.5932075
-74.0726903,4.5932075
-74.0726245,4.5930211
-74.0725661,4.5927381
-74.0725661,4.5927381
-74.0725661,4.5927381
-74.0725661,4.5927381
-74.0725661,4.5927381
-74.0725661,4.5927381
-74.0725509,4.5927686
-74.0725509,4.5927686
-74.0734166,4.5917328
-74.0731143,4.5915811
-74.0736332,4.5918415
-74.0727334,4.5921246
-74.0763283,4.5903399
-74.0763283,4.5903399
-74.0753962,4.5898476
-74.0755599,4.5899285
-74.0755599,4.5899285
-74.0763283,4.5903399
-74.0763283,4.5903399
-74.0763283,4.5903399
-74.0763283,4.5903399
-74.0753962,4.5898476
-74.0687793,4.5910349
-74.0687793,4.5910349
-74.0685808,4.5912029
-74.0685808,4.5912029
-74.0683466,4.5925973
-74.0683466,4.5925973
-74.0682785,4.5910725
-74.0682785,4.5910725
-74.068182,4.592325
-74.068182,4.592325
-74.0721431,4.5926682
-74.0721093569948,4.5922164626943
-74.0720991,4.5922091
-74.0719605,4.5924583
-74.0719417643859,4.59243649516137
-74.0718802,4.5925417
-74.071843,4.5923236
-74.071843,4.5923236
-74.0716114,4.5919272
-74.0715141,4.5925479
-74.0713987,4.5913805
-74.0713987,4.5913805
-74.0712836,4.5915784
-74.07116,4.5917864
-74.07116,4.5917864
-74.0708318,4.5917187
-74.0708318,4.5917187
-74.0708318,4.5917187
-74.0708318,4.5917187
-74.0715141,4.5925479
-74.0718295,4.5916748
-74.0718295,4.5916748
-74.0716114,4.5919272
-74.0718893,4.5925054
-74.0718887,4.5925328
-74.0718802,4.5925417
-74.0719605,4.5924583
-74.0718887,4.5925328
-74.072095,4.5925414
-74.0721311,4.5924459
-74.0721431,4.5926682
-74.072095,4.5925414
-74.0721296,4.5921704
-74.0721296,4.5921704
-74.0720991,4.5922091
-74.072039,4.5923725
-74.0720195,4.5923344
-74.0720083287997,4.59234907185287
-74.072039,4.5923725
-74.0721311,4.5924459
-74.0720195,4.5923344
-74.0720083287997,4.59234907185287
-74.0721093569948,4.5922164626943
-74.0719417643859,4.59243649516137
-74.0718893,4.5925054
-74.0708318,4.5917187
-74.0708318,4.5917187
-74.0707383,4.5912518
-74.0707383,4.5912518
-74.0707383,4.5912518
-74.0707383,4.5912518
-74.0707383,4.5912518
-74.0707383,4.5912518
-74.0695638,4.5913206
-74.0695638,4.5913206
-74.0694622,4.5913669
-74.0694622,4.5913669
-74.0694622,4.5913669
-74.0694622,4.5913669
-74.0694622,4.5913669
-74.0694622,4.5913669
-74.0696546,4.5913766
-74.0696546,4.5913766
-74.0705973,4.591529
-74.0705973,4.591529
-74.0705973,4.591529
-74.0705973,4.591529
-74.0705973,4.591529
-74.0705973,4.591529
-74.0750619,4.5909167
-74.0750619,4.5909167
-74.0749771,4.5925399
-74.0747888,4.5928867
-74.074598,4.5907319
-74.074598,4.5907319
-74.0742947,4.5906111
-74.0742947,4.5906111
-74.0742947,4.5906111
-74.0742947,4.5906111
-74.0742947,4.5906111
-74.0742947,4.5906111
-74.0742947,4.5906111
-74.0742947,4.5906111
-74.0742947,4.5906111
-74.074186,4.591852
-74.0740801,4.5920658
-74.0740439,4.5915027
-74.0754669,4.593285
-74.0756706,4.5934003
-74.0747888,4.5928867
-74.0756706,4.5934003
-74.074186,4.591852
-74.0740439,4.5915027
-74.0740801,4.5920658
-74.0749771,4.5925399
-74.0742947,4.5906111
-74.0742947,4.5906111
-74.0742947,4.5906111
-74.0754669,4.593285
-74.0724912,4.5928889
-74.0724912,4.5928889
-74.0724644,4.5929429
-74.0724322,4.5925727
-74.0723172,4.5924235
-74.0723172,4.5924235
-74.0722339,4.5924147
-74.0722339,4.5924147
-74.0712836,4.5915784
-74.0711935,4.5929907
-74.0711935,4.5929907
-74.0711935,4.5929907
-74.0711935,4.5929907
-74.0711935,4.5929907
-74.0711935,4.5929907
-74.0709091,4.5934265
-74.0709091,4.5934265
-74.0709091,4.5934265
-74.0709091,4.5934265
-74.0711935,4.5929907
-74.0711935,4.5929907
-74.0711935,4.5929907
-74.0724322,4.5925727
-74.0721459,4.5921685
-74.0721393165109,4.59217714082944
-74.0721487,4.5921462
-74.0721487,4.5921462
-74.0721459,4.5921685
-74.0721393165109,4.59217714082944
-74.0711935,4.5929907
-74.0711935,4.5929907
-74.0711935,4.5929907
-74.0753086,4.5940637
-74.0752731,4.5940463
-74.0752632,4.594147
-74.0752632,4.594147
-74.0752367,4.5941956
-74.0752276,4.5941293
-74.0752276,4.5941293
-74.0750968,4.5944664
-74.0750968,4.5944664
-74.0750968,4.5944664
-74.0746606,4.5940523
-74.0746606,4.5940523
-74.0746,4.595374
-74.0742167,4.5938638
-74.0742167,4.5938638
-74.0742167,4.5938638
-74.0742167,4.5938638
-74.0741813,4.5939356
-74.0741813,4.5939356
-74.0741847,4.593849
-74.0741847,4.593849
-74.0741507,4.5939209
-74.0741507,4.5939209
-74.0741408,4.5940328
-74.0741408,4.5940328
-74.0737273,4.5948279
-74.0737273,4.5948279
-74.0737273,4.5948279
-74.0737273,4.5948279
-74.0737273,4.5948279
-74.0737273,4.5948279
-74.0737273,4.5948279
-74.0737273,4.5948279
-74.0737273,4.5948279
-74.0737273,4.5948279
-74.0750968,4.5944664
-74.0750968,4.5944664
-74.0752367,4.5941956
-74.0750968,4.5944664
-74.0742167,4.5938638
-74.0752731,4.5940463
-74.0753086,4.5940637
-74.0742167,4.5938638
-74.0737905,4.5899227
-74.0737905,4.5899227
-74.0737905,4.5899227
-74.0737905,4.5899227
-74.0746474,4.5900054
-74.0742037,4.5900437
-74.0743223,4.5900869
-74.0738987,4.590117
-74.0738987,4.590117
-74.0734851,4.5901482
-74.0734851,4.5901482
-74.0736808,4.5901537
-74.0738132,4.5902183
-74.0735123,4.5902328
-74.0736505,4.5902347
-74.0735602,4.5904453
-74.0735602,4.5904453
-74.0736026,4.5905203
-74.0736026,4.5905203
-74.0736026,4.5905203
-74.0736026,4.5905203
-74.0736026,4.5905203
-74.0736026,4.5905203
-74.073371,4.5899616
-74.0733855,4.5901335
-74.073371,4.5899616
-74.0734349,4.5902237
-74.0734349,4.5902237
-74.0742037,4.5900437
-74.0736808,4.5901537
-74.0737905,4.5899227
-74.0737905,4.5899227
-74.073815,4.589871
-74.073815,4.589871
-74.0743223,4.5900869
-74.0735123,4.5902328
-74.0746474,4.5900054
-74.0736505,4.5902347
-74.0738132,4.5902183
-74.0709091,4.5934265
-74.0709091,4.5934265
-74.0700958,4.5937173
-74.0700958,4.5937173
-74.0700958,4.5937173
-74.0700958,4.5937173
-74.0700958,4.5937173
-74.0700958,4.5937173
-74.0697816,4.5929796
-74.0697816,4.5929796
-74.0697816,4.5929796
-74.0697816,4.5929796
-74.0697816,4.5929796
-74.0697816,4.5929796
-74.0696454,4.5934992
-74.0696454,4.5934992
-74.0696454,4.5934992
-74.0696454,4.5934992
-74.0696454,4.5934992
-74.0696454,4.5934992
-74.0734349,4.5902237
-74.0734349,4.5902237
-74.0734089,4.5909411
-74.0734089,4.5909411
-74.0733855,4.5901335
-74.0732961,4.5911861
-74.0732961,4.5911861
-74.0729369,4.5900512
-74.0727316,4.590663
-74.0727316,4.590663
-74.0725127,4.5913196
-74.0725127,4.5913196
-74.0725127,4.5913196
-74.0725127,4.5913196
-74.0725127,4.5913196
-74.0725127,4.5913196
-74.0725127,4.5913196
-74.0725127,4.5913196
-74.0725127,4.5913196
-74.0725127,4.5913196
-74.0725127,4.5913196
-74.0725127,4.5913196
-74.0734349,4.5902237
-74.0729369,4.5900512
-74.0734349,4.5902237
-74.0705431,4.5939867
-74.0705431,4.5939867
-74.0700898,4.5953595
-74.0697184,4.5959418
-74.0697184,4.5959418
-74.0697184,4.5959418
-74.0697184,4.5959418
-74.0703489,4.5963294
-74.0703489,4.5963294
-74.0691364,4.5965979
-74.0691364,4.5965979
-74.0697184,4.5959418
-74.0697184,4.5959418
-74.0700898,4.5953595
-74.0690233,4.5956123
-74.0690233,4.5956123
-74.0697034,4.5946446
-74.0698035,4.5944906
-74.0694219,4.5944658
-74.0694219,4.5944658
-74.0694219,4.5944658
-74.0694219,4.5944658
-74.0694219,4.5944658
-74.0694219,4.5944658
-74.0714486,4.5945587
-74.0714486,4.5945587
-74.0714486,4.5945587
-74.0714486,4.5945587
-74.0714486,4.5945587
-74.0714486,4.5945587
-74.0697034,4.5946446
-74.0718445,4.5960523
-74.0718445,4.5960523
-74.0718445,4.5960523
-74.0698869,4.5952072
-74.0699998,4.595274
-74.0698869,4.5952072
-74.0699998,4.595274
-74.0690693,4.5952221
-74.0690693,4.5952221
-74.0693255,4.5944139
-74.0708809,4.5954623
-74.0708809,4.5954623
-74.0693255,4.5944139
-74.069966,4.5952541
-74.069966,4.5952541
-74.0698035,4.5944906
-74.0733269,4.5935522
-74.0733269,4.5935522
-74.0732742,4.5935223
-74.0732742,4.5935223
-74.0684324,4.5955723
-74.0684324,4.5955723
-74.0684324,4.5955723
-74.0684324,4.5955723
-74.0683296,4.5955688
-74.0683296,4.5955688
-74.0683162,4.5935509
-74.0682236,4.5936012
-74.0675697,4.5954314
-74.0675697,4.5954314
-74.0675387,4.5956037
-74.0674915,4.5954376
-74.0674915,4.5954376
-74.0674915,4.5954376
-74.0674915,4.5954376
-74.0680396,4.5940923
-74.0680396,4.5940923
-74.0683162,4.5935509
-74.0674915,4.5954376
-74.0674915,4.5954376
-74.0675387,4.5956037
-74.0676369,4.5949061
-74.0676369,4.5949061
-74.0680396,4.5940923
-74.0680396,4.5940923
-74.0682236,4.5936012
-74.0680396,4.5940923
-74.0680396,4.5940923
-74.0688253,4.5948553
-74.0688253,4.5948553
-74.0786919,4.596689
-74.0786919,4.596689
-74.0786919,4.596689
-74.0750968,4.5944664
-74.0750968,4.5944664
-74.0750968,4.5944664
-74.0750968,4.5944664
-74.0750968,4.5944664
-74.0750968,4.5944664
-74.0781411,4.5976171
-74.0781411,4.5976171
-74.0781411,4.5976171
-74.0783856,4.597206
-74.0749804,4.5968062
-74.0741191,4.5962769
-74.0741191,4.5962769
-74.0749804,4.5968062
-74.0749804,4.5968062
-74.0746,4.595374
-74.0782034,4.5963998
-74.0723951,4.5951715
-74.0723951,4.5951715
-74.0723951,4.5951715
-74.0723951,4.5951715
-74.0723951,4.5951715
-74.0723951,4.5951715
-74.0723951,4.5951715
-74.0723951,4.5951715
-74.0723951,4.5951715
-74.0723951,4.5951715
-74.0723951,4.5951715
-74.0723951,4.5951715
-74.0737273,4.5948279
-74.0737273,4.5948279
-74.0754726,4.5959305
-74.0754726,4.5959305
-74.0732379,4.5957107
-74.0732379,4.5957107
-74.0732379,4.5957107
-74.0732379,4.5957107
-74.0732379,4.5957107
-74.0732379,4.5957107
-74.0732379,4.5957107
-74.0732379,4.5957107
-74.0732379,4.5957107
-74.0716909,4.5896404
-74.0716909,4.5896404
-74.071539,4.5897881
-74.0714385,4.5898236
-74.0714385,4.5898236
-74.0714385,4.5898236
-74.0714385,4.5898236
-74.0714385,4.5898236
-74.0714385,4.5898236
-74.0714385,4.5898236
-74.0714385,4.5898236
-74.0714385,4.5898236
-74.0714385,4.5898236
-74.0714385,4.5898236
-74.0714385,4.5898236
-74.071539,4.5897881
-74.070458,4.5918005
-74.0702871,4.5921381
-74.0702871,4.5921381
-74.0702871,4.5921381
-74.0702871,4.5921381
-74.070458,4.5918005
-74.070458,4.5918005
-74.0702871,4.5921381
-74.0702871,4.5921381
-74.070458,4.5918005
-74.0702871,4.5921381
-74.0702871,4.5921381
-74.0702871,4.5921381
-74.0702871,4.5921381
-74.0702871,4.5921381
-74.0702871,4.5921381
-74.070458,4.5918005
-74.070458,4.5918005
-74.070458,4.5918005
-74.070458,4.5918005
-74.070458,4.5918005
-74.070458,4.5918005
-74.070211,4.592071
-74.0703119,4.5918656
-74.0703119,4.5918656
-74.070211,4.592071
-74.070211,4.592071
-74.070211,4.592071
-74.070211,4.592071
-74.070211,4.592071
-74.070211,4.592071
-74.070211,4.592071
-74.070211,4.592071
-74.070211,4.592071
-74.070211,4.592071
-74.070211,4.592071
-74.0703119,4.5918656
-74.0703119,4.5918656
-74.0703119,4.5918656
-74.0703119,4.5918656
-74.0703917,4.5919356
-74.0703917,4.5919356
-74.0703917,4.5919356
-74.0703917,4.5919356
-74.0703917,4.5919356
-74.0703917,4.5919356
-74.070458,4.5918005
-74.070458,4.5918005
-74.0695268,4.5928529
-74.0695268,4.5928529
-74.069497,4.593584
-74.0693523,4.5939179
-74.0693523,4.5939179
-74.0692608,4.5939503
-74.0692608,4.5939503
-74.0692323,4.5938606
-74.0692323,4.5938606
-74.069194,4.5926811
-74.069194,4.5926811
-74.069194,4.5926811
-74.069194,4.5926811
-74.069194,4.5926811
-74.069194,4.5926811
-74.06919,4.593481
-74.06919,4.593481
-74.0690665,4.5933958
-74.0690665,4.5933958
-74.0690093,4.5938086
-74.0690093,4.5938086
-74.0689327,4.5932169
-74.0689327,4.5932169
-74.0689327,4.5932169
-74.0689327,4.5932169
-74.0689327,4.5932169
-74.0689327,4.5932169
-74.0688514,4.5930035
-74.0688514,4.5930035
-74.0685635,4.594105
-74.0683883,4.5935041
-74.0683883,4.5935041
-74.069497,4.593584
-74.0722766,4.5904762
-74.0722766,4.5904762
-74.0722288,4.5912127
-74.0722288,4.5912127
-74.0720348,4.591132
-74.0720348,4.591132
-74.0718948,4.5903197
-74.0718948,4.5903197
-74.0718948,4.5903197
-74.0718948,4.5903197
-74.0718948,4.5903197
-74.0718948,4.5903197
-74.0716513,4.5909724
-74.0716513,4.5909724
-74.071594,4.5909473
-74.071594,4.5909473
-74.0712726,4.5902695
-74.0712726,4.5902695
-74.0710682,4.5907167
-74.0710682,4.5907167
-74.0709197,4.5910892
-74.0709197,4.5910892
-74.0708521,4.5910481
-74.0708521,4.5910481
-74.0612305,4.6013172
-74.0601612,4.6016439
-74.0601612,4.6016439
-74.0599901376915,4.60182626791116
-74.0600126755049,4.60217916272635
-74.0600126755049,4.60217916272635
-74.0602508,4.6022796
-74.0609229,4.6020977
-74.0612305,4.6013172
-74.0601966,4.6018988
-74.0602508,4.6022796
-74.0599901376915,4.60182626791116
-74.0609229,4.6020977
-74.0601966,4.6018988
-74.059499,4.6014482
-74.059499,4.6014482
-74.0702338,4.6005595
-74.0650355,4.6007579
-74.0640505,4.6008933
-74.0642611,4.6007464
-74.0650355,4.6007579
-74.0701605,4.6007099
-74.0679007,4.600111
-74.0650857,4.6006798
-74.0638824,4.6002794
-74.0638824,4.6002794
-74.0638824,4.6002794
-74.0638824,4.6002794
-74.0637869,4.6008807
-74.0652904,4.6004105
-74.0677253,4.5995742
-74.0650737,4.6003643
-74.0650737,4.6003643
-74.0650737,4.6003643
-74.0650737,4.6003643
-74.0653761,4.6002255
-74.0652904,4.6004105
-74.0650737,4.6003643
-74.0650737,4.6003643
-74.0653761,4.6002255
-74.0650857,4.6006798
-74.0702085,4.6006115
-74.0702085,4.6006115
-74.0696522,4.5994952
-74.0814099277995,4.59455371788706
-74.0814099277995,4.59455371788706
-74.081354,4.5943775
-74.0813456516882,4.59450916526773
-74.0813307948858,4.59467432385401
-74.0813307948858,4.59467432385401
-74.0812973173379,4.59445819744352
-74.0812973173379,4.59445819744352
-74.0812756737386,4.59439561431998
-74.0812536598232,4.59476318763006
-74.0812536598232,4.59476318763006
-74.0812603503109,4.59429795444627
-74.0812534116455,4.59476108897226
-74.0812534116455,4.59476108897226
-74.0812515,4.5947631
-74.0812515,4.5947631
-74.0812401373609,4.5946488379868
-74.0812426396349,4.59466999790154
-74.0812426396349,4.59466999790154
-74.0812168771804,4.59456435925926
-74.0812168771804,4.59456435925926
-74.0812156,4.5946719
-74.0811974958712,4.59477532487794
-74.0712552,4.5969191
-74.0712552,4.5969191
-74.0712552,4.5969191
-74.0712552,4.5969191
-74.0712552,4.5969191
-74.0712552,4.5969191
-74.0696953,4.5969263
-74.0696953,4.5969263
-74.069803,4.5970129
-74.069803,4.5970129
-74.0698723,4.5970675
-74.0698723,4.5970675
-74.0694657,4.5972706
-74.0694657,4.5972706
-74.0648997,4.5973027
-74.071872,4.5973036
-74.0721538,4.5974792
-74.0692902,4.5975861
-74.0695166,4.5972848
-74.0694657,4.5972706
-74.0697471,4.5972788
-74.0694657,4.5972706
-74.0697471,4.5972788
-74.0681417,4.596916
-74.0681417,4.596916
-74.0648997,4.5973027
-74.0649439,4.6001257
-74.0649439,4.6001257
-74.0633501,4.6004911
-74.0633501,4.6004911
-74.0637555,4.6006847
-74.0637555,4.6006847
-74.0643501,4.6007162
-74.0643501,4.6007162
-74.0640134,4.6007459
-74.0640134,4.6007459
-74.0642611,4.6007464
-74.0641518,4.6007825
-74.0641518,4.6007825
-74.0641518,4.6007825
-74.0641518,4.6007825
-74.0650068,4.6008027
-74.0650068,4.6008027
-74.0640340901418,4.600814177468
-74.064044,4.6008615
-74.064044,4.6008615
-74.0640505,4.6008933
-74.0758507,4.6005716
-74.075423,4.6000352
-74.0744488,4.5977119
-74.0744488,4.5977119
-74.0744488,4.5977119
-74.0753947,4.5983012
-74.0745791,4.5995704
-74.0743099,4.6000151
-74.0754086,4.598344
-74.074817,4.5991909
-74.073771,4.6009003
-74.0734191,4.6014197
-74.0734497,4.6013811
-74.0710627,4.6004379
-74.0696522,4.5994952
-74.0702085,4.6006115
-74.069504,4.60064
-74.0688419,4.6007917
-74.0702085,4.6006115
-74.0688419,4.6007917
-74.0688419,4.6007917
-74.0696522,4.5994952
-74.0704776,4.6001198
-74.0696522,4.5994952
-74.0680899,4.601161
-74.0680082,4.6012476
-74.0680082,4.6012476
-74.0679251,4.6013357
-74.0679251,4.6013357
-74.0676185,4.6008837
-74.0675523,4.6009881
-74.0675523,4.6009881
-74.0674814,4.6010999
-74.0674814,4.6010999
-74.0674011,4.5993404
-74.0674011,4.5993404
-74.065517,4.5997096
-74.0652968,4.5999164
-74.0651883,4.6005199
-74.0651883,4.6005199
-74.0651584,4.6005665
-74.0653425,4.6008739
-74.0652735,4.6002679
-74.0652735,4.6002679
-74.0651584,4.6005665
-74.0681417,4.596916
-74.0681417,4.596916
-74.066024,4.5981823
-74.0671977,4.5977109
-74.066024,4.5981823
-74.0652968,4.5999164
-74.065517,4.5997096
-74.0692485,4.5965936
-74.0692485,4.5965936
-74.0674032,4.5974043
-74.0673012,4.5971409
-74.0671977,4.5977109
-74.0674032,4.5974043
-74.0634475,4.6021648
-74.0634475,4.6021648
-74.0634475,4.6021648
-74.062509,4.6023184
-74.062139,4.6031616
-74.062139,4.6031616
-74.0633477,4.603199
-74.0806004,4.5957131
-74.0806004,4.5957131
-74.0805373,4.5957152
-74.0805373,4.5957152
-74.0803719,4.5959714
-74.0804186,4.5959983
-74.0796342,4.5972466
-74.0804186,4.5959983
-74.0803719,4.5959714
-74.0761424,4.598812
-74.0761424,4.598812
-74.076547,4.6020436
-74.076547,4.6020436
-74.076547,4.6020436
-74.076547,4.6020436
-74.0777477,4.600497
-74.0777477,4.600497
-74.0776075,4.6007033
-74.0776075,4.6007033
-74.0774870863902,4.6008860230374
-74.0773727,4.6010596
-74.0773727,4.6010596
-74.0773601,4.6007792
-74.0773474914728,4.60079991436789
-74.0772429,4.6012487
-74.0772429,4.6012487
-74.0769497,4.6016917
-74.076811,4.6016401
-74.076658,4.6018634
-74.0759658,4.6003597
-74.0779072,4.600239
-74.0702085,4.6006115
-74.0704776,4.6001198
-74.0706616,4.5998594
-74.0707699,4.5996908
-74.0702338,4.6005595
-74.0704244,4.6001988
-74.0702085,4.6006115
-74.0719907,4.5997634
-74.0719907,4.5997634
-74.0716006,4.5995104
-74.0719907,4.5997634
-74.071562,4.5994853
-74.0790424,4.5961341
-74.0790401,4.5981821
-74.078477,4.5990572
-74.0782777,4.5993641
-74.0782034,4.5963998
-74.0780131,4.5998597
-74.0780131,4.5998597
-74.0779804,4.599836
-74.0779804,4.599836
-74.0778842,4.5999516
-74.0791488,4.596255
-74.0792294,4.5961836
-74.0791488,4.596255
-74.0792294,4.5961836
-74.0791691,4.5962115
-74.0790424,4.5961341
-74.0791691,4.5962115
-74.0732379,4.5957107
-74.0732379,4.5957107
-74.0732379,4.5957107
-74.0727058,4.5966024
-74.0721538,4.5974792
-74.0721253,4.5985628
-74.0716608,4.5982573
-74.0707877,4.597664
-74.0707877,4.597664
-74.0707877,4.597664
-74.0707877,4.597664
-74.0707877,4.597664
-74.0707877,4.597664
-74.079394,4.5964044
-74.0794605,4.5962989
-74.0766872,4.5978945
-74.0766872,4.5978945
-74.079394,4.5964044
-74.0718445,4.5960523
-74.0718445,4.5960523
-74.0718445,4.5960523
-74.0701958,4.598601
-74.0701958,4.598601
-74.0701958,4.598601
-74.0701958,4.598601
-74.0701958,4.598601
-74.0701958,4.598601
-74.0697471,4.5972788
-74.0697471,4.5972788
-74.0695228,4.5982116
-74.0695228,4.5982116
-74.0695228,4.5982116
-74.0695228,4.5982116
-74.0695228,4.5982116
-74.0695228,4.5982116
-74.0695166,4.5972848
-74.0694657,4.5972706
-74.0694657,4.5972706
-74.0692902,4.5975861
-74.0690644,4.5979979
-74.0690644,4.5979979
-74.0690644,4.5979979
-74.0690644,4.5979979
-74.0687541,4.5973045
-74.0687541,4.5973045
-74.0685253,4.5978591
-74.0685253,4.5978591
-74.0685253,4.5978591
-74.0685253,4.5978591
-74.0684294,4.5978788
-74.0684294,4.5978788
-74.0684294,4.5978788
-74.0684294,4.5978788
-74.0681805,4.5985312
-74.0680508,4.59853
-74.0678993,4.5980983
-74.0710937,4.599182
-74.0713938,4.5986927
-74.0701958,4.598601
-74.0701958,4.598601
-74.0703647,4.5987089
-74.0701958,4.598601
-74.0686517,4.5963679
